{"cameraMode":{"drawMode":0,"name":"Shaded","section":"Shading Mode"},"sceneLighting":true,"audioPlay":false,"sceneViewState":{"m_AlwaysRefresh":false,"showFog":true,"showSkybox":true,"showFlares":true,"showImageEffects":true,"showParticleSystems":true,"showVisualEffectGraphs":true,"m_FxEnabled":true},"in2DMode":false,"pivot":{"x":2.0720863342285158,"y":5.6056365966796879,"z":-0.1847900152206421},"rotation":{"x":-0.2156316339969635,"y":0.41999369859695437,"z":-0.10344661772251129,"w":-0.8754563331604004},"size":2.9571545124053957,"orthographic":true}