{"cameraMode":{"drawMode":0,"name":"Shaded","section":"Shading Mode"},"sceneLighting":true,"audioPlay":false,"sceneViewState":{"m_AlwaysRefresh":false,"showFog":true,"showSkybox":true,"showFlares":true,"showImageEffects":true,"showParticleSystems":true,"showVisualEffectGraphs":true,"m_FxEnabled":true},"in2DMode":false,"pivot":{"x":423.0812072753906,"y":132.73880004882813,"z":143.09027099609376},"rotation":{"x":-0.3692287504673004,"y":0.02533378265798092,"z":-0.010100259445607663,"w":-0.9290145635604858},"size":166.2628936767578,"orthographic":true}